<?xml version="1.0" encoding="UTF-8"?>
<project-private xmlns="http://www.netbeans.org/ns/project-private/1">
    <editor-bookmarks xmlns="http://www.netbeans.org/ns/editor-bookmarks/2" lastBookmarkId="0"/>
    <open-files xmlns="http://www.netbeans.org/ns/projectui-open-files/2">
        <group>
            <file>file:/C:/Users/Leonardo%20Vasconcelos/Dropbox/Nutrição/19-11/NutriMais/src/forms/busca.java</file>
            <file>file:/C:/Users/Leonardo%20Vasconcelos/Dropbox/Nutrição/19-11/NutriMais/src/forms/antropometria.java</file>
            <file>file:/C:/Users/Leonardo%20Vasconcelos/Dropbox/Nutrição/19-11/NutriMais/src/forms/anamnese.java</file>
        </group>
    </open-files>
</project-private>
